ID	Autore	Anno	Titolo	Città, editore o rivista	Pagine	Tipologia
B_1	Agosti, G. (Ed.)	2008	Altri quaranta dipinti antichi della Collezione Saibene	Verona, Valdonega		monografia
B_2	Anderson, J.	1996	The political power of connoisseurship in nineteenth-century Europe: Wilhelm von Bode versus Giovanni Morelli	"In Kennerschaft: Kolloquium zum 150sten Geburtstag von Wilhelm von Bode, Jahrbuch der Berliner Museen	 N.F., 38, "	pp. 107-119	articolo di periodico
B_3	Antonetto, R., Cottino, A.	1999	Pietro Accorsi: un antiquario, un'epoca	Torino, Omega Arte		monografia
B_4	Avvisati, C.	2016	Il tesoro di Boscoreale e lo scandalo della vendita all'estero: i gioielli, gli argenti e gli aurei del 1. secolo d.C. trovati da Vincenzo de Prisco nella villa detta la Pisanella	Tricase, Youcanprint		monografia
B_5	Bacchi, A., Capitelli, G. (Ed.)	2020	Capitale e crocevia: il mercato dell'arte nella Roma sabauda (1870-1915). Fondazione Federico Zeri, Università di Bologna	Cinisello Balsamo, Silvana		monografia
B_6	Bacchi, A., Capitelli, G. (Ed.)	2010	Godefroy Brauer, antiquario e collezionista a Parigi, all’origine della collezione di maioliche arcaiche del Louvre all’inizio del XX secolo	In Riccetti	pp. 209-216	articolo di monografia
B_7	Barbero, L. M.	2021	Lo specchio del gusto : Vittorio Cini e il collezionismo d'arte antica nel Novecento (Atti della giornata di studio in onore di Vittorio Cini (1885-1977), Venezia, Fondazione Giorgio Cini 14 novembre 2017)	Venezia, Marsilio		monografia
B_8	Bargellini, S.	1981	Antiquari di ieri a Firenze	Firenze, Bonechi		monografia
B_9	Barsanti, A., Pollak, L.	1922	Raccolta Alfredo Barsanti : bronzi italiani (Trecento - Settecento)	Roma, Istituto italiano d’arti grafiche		monografia
B_10	Bartoli Amici, P.	2004	Jandolo, Augusto	In Dizionario biografico degli italiani, 62		articolo di monografia
B_11	Batini, G.	1961	L'antiquario	Firenze, Vallecchi		monografia
B_12	Bellania, S.	2015	Duse e Novelli nelle Glosse Zum Wiener Theater (1903-196) di Herman Bahr	In «Acting Archives Review», V, 10	pp. 68-84	articolo di periodico
B_13	Bellini, L.	1924	Tolentino	In «L'Antiquario», 1924	pp. 139-141	articolo di periodico
B_14	Bellini, L., De Chirico, G.	1947	Nel mondo degli antiquari	Firenze, Arnaud		monografia
B_15	Bertelli, B.	2011-2012	Commercio antiquario a Firenze nel primo trentennio dopo l’Unità d’Italia: protagonisti, transazioni e circolazione delle opere d’arte, Corso di Dottorato di Ricerca in Storia dell'Arte (ciclo XXIII)	Università degli Studi di Udine		monografia
B_15_2	Bianchin R.	1987	Asta Ca’ Sagredo 1987	La Repubblica 29 novembre 1987		articolo di periodico
B_16	Boccardo, P.	2001	Costantino Nigro, antiquario e mecenate, e i suoi rapporti con Roberto Longhi, Caterina Marcenaro e Angelo Costa	In Orlando	pp. 80-91	articolo di monografia
B_17	Bode, W.	1923	Stefano Bardini	In «L'Antiquario. Rivista indipendente», X, 1-2	pp. 1-2	articolo di periodico
B_18	Boggero, F. (Ed.)	1995	Gavenola e il signor Vannenes : un episodio del '700 in valle Arroscia	Bordighera, Istituto internazionale di studi liguri		monografia
B_19	Bracke, P.	2008-2009	L'antiquario Giuseppe Bellesi e il suo fondo fotografico all'interno della Fototeca Zeri	Università di Bologna		monografia
B_20	Briganti, G.	1990	Sulla fortuna di Alberto Savinio. In Savinio, A. , Vivarelli, P. , Di Carlo, M. Savinio: gli anni di Parigi	Milano: Electa	pp. 13-18	articolo di monografia
B_21	Budd, D.M.	2020	The Barberini Tapestries : Charles Mather Ffoulke and the dealer's network	In Catterson	pp. 154-178	articolo di monografia
B_22	Caneva, C., Colle, E., Paolucci, A., Papi, A., & Galleria degli Uffizi	2018	La collezione Contini Bonacossi nelle Gallerie degli Uffizi	Milano, Giunti		monografia
B_23	Cappellini, P.	2023	Bardini and Beyond: Wilhelm Bode and the art dealers in Florence	In Smalcerz	pp. 125-148	articolo di monografia
B_24	Cappellini, P.	2019	Trading Old Masters in Florence 1890-1914 : heritage protection and the Florentine art trade in post-unification Italy	In «Journal of the history of collections»,  vol. 31, 2	pp. 363-371	articolo di periodico
B_25	Catterson, L. (Ed.)	2017	Dealing art on both sides of the Atlantic, 1860-1940	"Leiden	 Boston, Brill."		monografia
B_26	Catterson, L. (Ed.)	2020	Florence, Berlin and Beyond: Late Nineteeth-Century Art Markets and their Social Networks	"Leiden	 Boston, Brill."		monografia
B_27	Cavicchi, M.	2017	Falsi di primo Novecento nell'archivio di Luigi Albrighi	In Ottani Cavina	pp. 199-225	articolo di monografia
B_28	Cecutti, D.	2012	Adolph Loewi e il commercio di tappeti orientali a Venezia fra Otto e Novecento	In «MDCCC 1800», 1	pp. 33-42	articolo di periodico
B_29	Cobianchi, R.	2020	Protagonisti e comprimari tra collezionismo e mercato: Rocchi, Palumbo, Castellani, Helbig, Rosa De Angelis, Vedder	In Bacchi, Capitelli	pp. 165-183	articolo di monografia
B_30	Coen P.	2020	Il dibattito arte-industria, fra aspirazioni museologiche e casi concreti	In Coen	pp. 51-94	articolo di monografia
B_31	Coen, P.	2020	Il recupero del Rinascimento : arte, politica e mercato nei primi decenni di Roma capitale (1870-1911)	Cinisello Balsamo, Silvana		monografia
B_32	Coen, P.	2020	Il nuovo mercante itaiano e internazionale: Giuseppe Sangiorgi	In Coen	pp. 279-320	articolo di monografia
B_33	Coen, P.	2020	La rincorsa del primato: le esportazioni di opere d'arte in Italia e nel mondo	In Coen	pp. 177-235	articolo di monografia
B_34	Colombi, M.	2021	«Une des figures les plus originales de Milan»: l'antiquario Giuseppe Baslini (1817-1887)	In «Acme», vol. 74, 2	pp. 95-121	articolo di periodico
B_35	Conti, G.	2009	I fratelli Bellini, inventori di un nuovo modo di fare antiquariato: un ricordo dei fondatori della Biennale fiorentina e dell'A.A.I.	In «Gazzetta antiquaria»,  N.S. 55, 1	pp. 22-25	articolo di periodico
B_36	Contini Bonacossi, V.	2008	Diario americano: 1926-1929	Siena, Gli Ori		monografia
B_37	De Callataÿ, F.	2016	Il venditore d'antichità by Vincenzo Capobianchi (1880): possibly the most scholarly work of the neo-Pompeian painting	In «Anabases», XXIII	pp. 47-73	articolo di periodico
B_38	De Clemente, A.	1923	Da pittore ad antiquario	In «L'Antiquario. Rivista indipendente», X, 4-5	p. 45	articolo di periodico
B_39	Del Giorgio, L.	2021-2022	Vincenzo Ciampolini : Negoziante e Commissario di oggetti d'arte antichi nella Firenze tra diciannovesimo e ventesimo secolo	Università degli Studi di Firenze		monografia
B_40	Di Castro, A.	2012	L'arte dell'antiquariato	In «Gazzetta antiquaria», 62, 2	pp. 20-23	articolo di periodico
B_41	Diebner, S., Rossini, O.	2024	Lettere di Ludwig Pollak a Wilhelm Froehneer : 1903-1925	Roma, Gangemini Editore spa		monografia
B_42	D'Orazi, L.	2018	Canessa: una famiglia di antiquari. [Nummus et Historia, XXXV]	Cassino, Classica Editrice Diana		monografia
B_43	D'Orazi, L.	2018	Canessa, una famiglia di antiquari	Cassino, Associazione Culturale Italia Numismatica		monografia
B_44	Facchineti, S., Piccinini, L., Riccomini, M.	2022	Vita d'Antiquari. Uno dei mestieri più belli del mondo, raccontato dalla voce dei protagonisti	Firenze, Associazione Antiquari d'Italia		monografia
B_45	Fehér, I.	2012	Károly Pulszky and the Florentine acquisitions for the Szépmúvészeti Múzeum in Budapest between 1893 and 1895	In «Mitteilungen des Kunsthistorischen Institutes in Florenz», vol. 54 (20102012), 2	pp. 319-364	articolo di periodico
B_46	Ferrazza, R.	2011	Elia Volpi e il Museo della Casa Fiorentina Antica di Palazzo Davanzati	In Mannini	pp. 138-147	articolo di monografia
B_47	Ferrazza, R.	1993	Palazzo Davanzati e le collezioni di Elia Volpi	Firenze Centro Di		monografia
B_48	Fina, G. (Ed.)	2018	Argentieri piemontesi del '700: trovati e ritrovati	Milano, Skira		monografia
B_49	Franchini Guelfi, F.	2001	Benno Geiger storico dell’arte e mercante alla riscoperta di Alessandro Magnasco	In Orlando	pp. 251-256	articolo di monografia
B_50	Galassi, M.C.	2001	Nascita e sviluppo del collezionismo borghese: i Luxoro	In Orlando	pp. 59-70	articolo di monografia
B_51	Geiger, B.	1958	Memorie di un veneziano	Firenze, Vallecchi		monografia
B_52	Giannini, C.	2002	L’attimo fuggente. Storie di collezionisti e mercanti	Bergamo, ?Lubrina Bramani Editore		monografia
B_53	Giannini, C.	2011	Attilio Steffanoni, restauratore e antiquario. Un diario inedito, in (2011) Francesco Malagusgi Valeri (1867- 1928). Tra storiografia artistica, museo e tutela, Atti del convegno (Milano-Bologna, 20-21 ottobre 2011), a cura di Sciolla, G.C., Rovetta, A.	Milano, Segrate	pp. 205-216	articolo di monografia
B_54	Giannini, F.	2017	Franco Steffanoni per Gian Battista Tiepolo. Frammenti di lettere famigliari, in Tiepolo e la prima guerra mondiale, a cura di Giulio Manieri Elia e Chiara Piva	Firenze		articolo di monografia
B_55	Giometti, C.	2019	Stefano Bardini, Vincenzo Ciampolini e un ciclo di affreschi di Giovanni da San Giovanni in palazzo Pucci	In Ciancabilla, Giometti	pp. 165-176	articolo di monografia
B_56	Giometti, C., Ciancabilla, L.	2019	Stefano Bardini estrattista : affreschi staccati nell'Italia unita fra antiquariato, collezionismo e musei	Pisa, ETS		monografia
B_57	Glaros, M.	2012	Sometimes a Little Injustice Must Be Suffered for the Public Good: How National Security (Aliens Control) Regulations 1939 (CHT) Affected lives of German, Italian, Japanese, and Australian-born Women Living in Australia during World War II.	PhD diss., University of Western Sidney	pp.  337-342	monografia
B_58	González-Palacios, A.	1999	Le tre età	Milano, Longanesi		monografia
B_59	González-Palacios, A.	2014	Persona e maschera: collezionisti, antiquari e storici dell'arte	Milano, Archinto		monografia
B_60	Grassi, M.	2017	The American View of the “Forgotten Century” of Italian Painting. Reminescences of a Conservator and Art Dealer, in Buying Baroque: Italian Seventeenth-Century Paintings Come to America, a cura di E. Peters Boworon, University Park	Pennsylvania: The Pennsylvania State University Press	pp. 40-53	articolo di monografia
B_60_2	Guida Genovese	1933	Opera Pompei	Genova, Istituto Derelitti		monografia
B_61	Guidi Bruscoli, F.	2022	Addio a Leonardo Lapiccirella	In Il giornale dell’arte		articolo di periodico
B_62	Gulli, C.	2021	La collezione Chiaramonte Bordonaro nella Palermo di fine Ottocento	Roma, Officina Libraria		monografia
B_63	Imbellone, A. (Ed.)	2008	Maceo: anni romani 1934 - 1944	Cinisello Balsamo, Silvana		monografia
B_64	Imbert, A.	1909	Ceramiche orvietane dei secoli XIII e XIV. Note su Documenti	Roma, Forzani		monografia
B_65	Jandolo, A.	1935	Le memorie di un antiquario	Milano, Ceschina		monografia
B_66	Jandolo, A.	1947	Antiquaria	Milano, Ceschina		monografia
B_67	Jandolo, A.	1925	A viso aperto	In «L'Antiquario», XII, 1	pp. 15-16	articolo di periodico
B_68	Lambrugo, C.	2018	Giulio Sambon e la sua collezione: dal commercio antiquario alla raccolta pubblica, in Il viaggio della Chimera. Gli Etruschi a Milano tra archeologia e collezionismo, catalogo della mostra (Milano, Civico Museo Archeologico, 12 dicembre 2018 - 12 maggio 2019) a cura di Paolucci, G., Provenzali, A.	Milano, Johan & Levi Editore	pp. 75-82, pp. 233-239	articolo di monografia
B_69	L'Antiquario	1909	La vendita Ferroni	In «L'Antiquario», I, 12	pp. 88-92	articolo di periodico
B_70	L'Antiquario	1916	Elia Volpi in America	In «L'Antiquario», VIII, 3	pp. 17-18	articolo di periodico
B_71	Lapiccirella D.	2022	Era mio padre: un ricordo di Leonardo Lapiccirella	In «Gazzetta antiquaria»		articolo di periodico
B_72	L'Araldo		Fratelli Volterra: antiquari fiorentini	In «L'Antiquario. Rivista indipendente», X, 1-2	pp. 12-13	articolo di periodico
B_73	L'Etrusco	1923	I bronzi di Barsanti	In «L'Antiquario», X, 1-2	p. 8	articolo di periodico
B_74	L'Etrusco	1925	I fratelli Pini	In «L'Antiquario», XII, 3	p. 144	articolo di periodico
B_75	L'Obiettivo	1932	Salvatore Romano	In «L'Antiquario», XVIII-XXV, 1	p. 48	articolo di periodico
B_76	Lorizzo, L.	2018	L’arte di falsificare l’arte. Michele Lazzaroni e la Fototeca di Adolfo Venturi, in La fototeca di Adolfo Venturi alla Sapienza, catalogo della mostra, a cura di I. Schiaffini	Roma	pp. 85-94	articolo di monografia
B_77	Lorizzo, L.	2015	Un falso Rinascimento?: 2. il barone Michele Lazzaroni e la scultura	In «Studiolo», 11, 2014	pp. 108-119, 301-302	articolo di periodico
B_78	Luzzetti, G.	2018	In volo coi gabbiani : memorie di un antiquario collezionista	Firenze, Le Lettere		monografia
B_79	Mambelli, F.	2020	Il più grande centro commerciale di oggetti d’arte: la Galleria Sangiorgi tra strategie di marketing e artigianato artistico	In Bacchi, Capitelli	pp. 185-227	articolo di monografia
B_80	Mambelli, F.	2014	La vendita della collezione Ferroni nelle fotografie di Federico Zeri, in I colori del bianco e nero: fotografie storiche nella Fototeca Zeri 1870 - 1920,  a cura di Bacchi, A., Mambelli, F., Rossini, M., Sambo, E.	Bologna, Fondazione Federico Zeri	pp. 107-113	articolo di monografia
B_81	Mana, L.	2022	Pietro Accorsi e il riuso dell'antico. Un avvio di ricerche	In  D'Italia, Mana, Natale, Galateri di Genola	pp. 45-52	articolo di monografia
B_82	Mannini, L.	2011	Luigi Bellini antiquario, collezionista e mecenate	In Mannini	pp. 245-250	articolo di monografia
B_83	Mannini, L.	2011	Alessandro e Vittoria Contini Bonacossi, antiquari e collezionisti a Villa Vittoria	In Mannini	pp. 237-244	articolo di monografia
B_84	Marangoni, M. & Barreca, L.	2006	Matteo Marangoni : Carteggi (1990-1958)	Palermo, Editrice Mediterranea		monografia
B_85	Marano, V.	2007-2008	Due generazioni di antiquari, i Volterra	Tesi di Laurea, Università di Bologna		monografia
B_86	Mariz, V.	2018	“«A magnificent work». O entusiasmo da Inglaterra Vitoriana em torno do São Pedro da Sé de Viseu, obra-prima do Grão Vasco”	In «Artis – Revista de História da Arte e Ciências do Património», 5	pp. 120-129	articolo di periodico
B_87	Martini Stelio, M.	1966	Antiquari a Roma	In «Capitolivm», XLI	pp. 224-235	articolo di periodico
B_88	Minervino, F.	1976	Autenticazioni, falsi, esperti, specializzazioni	In «Bolaffiarte», 2, [supllemento al n. 64 di «Bolaffiarte»]	pp. 16-22	articolo di periodico
B_89	Misiano, S.	2012	I ritratti di Augusto Jandolo al Museo di Roma: immagini tra storia e cronache d'arte	In «Bollettino dei musei comunali di Roma», N.S.	pp. 183-196	articolo di periodico
B_90	Modestini, M.	2018	Capolavori?: basato su un manoscritto di Mario Modestini	Fiesole, Cadmo		monografia
B_91	Morandotti, A.	2001	Italico Bras, pittore, conoscitore e mercante nell’età di Giuseppe Fiocco	In Orlando	pp. 241-250	articolo di monografia
B_92	Moskowitz, A. F.	2015	Stefano Bardini 'principe degli antiquari': prolegomenon to a biography	Firenze, Centro Di		monografia
B_93	Moskowitz, A. F.	2019	Giovanni Freppa, 'Jack of all Trades'	In «Journal of modern italian studies». Vol. 24, 4	pp. 551-578	articolo di monografia
B_94	Napodano, L.	2018	Giulio Sambon mercante d'arte	In «Acme», vol. 17, 2	pp. 131-165	articolo di periodico
B_95	Napoleone, V.	2020	Between Florence and Berlin: the international art market in post-unification Rome	In Catterson	pp. 181-208	articolo di monografia
B_96	Napoleone, V.	2020	La Galleria Simonetti e la collezione di un grande antiquario romano	Capitelli	pp. 95-115	articolo di monografia
B_97	Napoleone, V.	2017	Bardini e Roma, collaborazioni antiquarie per una clientela d'oltreoceano	In Teodori, Celani	pp. 69-81: p. 80, nota 19	articolo di monografia
B_98	Natale M.	2021	Vittorio Cini e Federico Zeri	In Barbero	pp. 75-94	articolo di monografia
B_99	Natale, V.	2022	Gotico e Rinascimento in Piemonte di Pietro Accorsi	In D'Italia, Mana, Natale, Galateri di Genola	pp. 23-44	articolo di monografia
B_100	Nesi, A.	2011	Stefano Bardini e il palazzo in piazza de’ Mozzi	In Mannini	pp. 127-137	articolo di monografia
B_101	Niemeyer Chini, V.	2009	Stefano Bardini e Wilhelm Bode: mercanti e connaisseur fra Ottocento e Novecento	Firenze, Polistampa		monografia
B_102	Ojetti, U.	1954	I taccuini: 1914-1943	Firenze, Sansoni		monografia
B_103	Olcese Spingardi, C.	2020	Villa, Giovanni Battista	In Dizionario Biografico degli Italiani, 99		articolo di monografia
B_104	Orlando. A (Ed.)	2001	Genova e il collezionismo nel Novecento: studi nel centenario di Angelo Costa, 19011976	Torino, U. Allemandi		monografia
B_105	Ottani Cavina, A., Natale, M.	2017	Il falso specchio della realtà	Torino, U. Allemandi		monografia
B_106	Pazzi, S.	2016	La donazione dimenticata: l'incredibile vicenda della collezione Contini Bonacossi	Milano, Mondadori Electa		monografia
B_107	Piccioli, A.	1929	Un altro atto di mecenatismo dei Conti Contini: La Pietà di Attilio Selva	In «L'Antiquario», XVI, 2	pp. 65-68	articolo di periodico
B_108	Pini, S.	2011	Fondazione Salvatore Romano: guida alla visita del museo	Firenze, Polistampa		monografia
B_109	Pini, S.	2011	Salvatore Romano, dai segreti del Palazzo Magnani Feroni a Santo Spirito	In Mannini	pp. 148-156	articolo di monografia
B_110	Planiscig L.	2006	La collezione Luigi Grassi?di piccoli bronzi del Rinascimento	Firenze, Centro Di		monografia
B_111	Pollak, L., Merkel Guldan, M.	1994	Römische Memoiren : Künstler, Kunstliebhaber und Gelehrte, 1893-1943	Roma, L'Erma di Bretschneider		monografia
B_112	Porretti, L.	2004	Notizie su Luigi Grassi pittore, restauratore e antiquario (1858-1937)	In «Notizie da Palazzo Albani», Urbino QuattroVenti, XXXIII	pp. 175-184	articolo di monografia
B_113	Provo, A.	2017	Surrogates and Intermediaries: The Informational Role of Photographs in the Art Market	In Catterson	pp. 269-190	articolo di monografia
B_114	Rafa, A.		A. Bino Cesana	In «L'Antiquario. Rivista indipendente», X, 11-12	pp. 140-141	articolo di periodico
B_115	Rasario, G.	2004	De Chirico pendant Bellini	In «Metafisica», 3-4	pp. 271-298	articolo di periodico
B_116	Riccetti, L. (Ed.)	2010	1909 tra collezionismo e tutela : connoisseur antiquari e la ceramica medievale orvietana, Catalogo delle mostre: John Pierpont Morgan, Alexandre Imbert e la ceramica medievale orvietana, (Perugia, Galleria Nazionale dell'Umbria, Palazzo Baldeschi al Corso, 7 novembre 2009 - 10 gennaio 2010), Connoisseur e antiquari. Il ritorno delle ceramiche Imbert a Orvieto, (Orvieto, Museo Archeologico Nazionale, 13 marzo - 6 giugno 2010)	Milano, Giunti		monografia
B_117	Riccio, B. (Ed.)	1996	Lettere sull’antiquariato?: di Mario Praz e Luigi Magnani 1952-1981	Torino, U. Allemandi	p. 116	monografia
B_118	Rizzo, R.	2016	Pietro Accorsi il mercante di meraviglie: da rigattiere bambino a fondatore di un grande museo d'antiquariato	Cinisello Balsamo, Silvana		monografia
B_119	Romanengo, M.	2001	Il mondo del collezionismo privato a Genova nel Novecento	In Orlando	pp. 110-120	articolo di monografia
B_119_2	Romiti, A.	1952	L'antiquario, in «Strenna dei Romanisti»	45.32.00	"pp. 22-25	 "	articolo di monografia
B_120	Sambo, E.	2014	«Braun & C.ie» nelle commissioni Lazzaroni, in I colori del bianco e nero: fotografie storiche nella Fototeca Zeri 1870 - 1920, a cura di Bacchi, A., Mambelli, F., Rossini,  M., Sambo, E.	Bologna, Fondazione Federico Zeri	pp. 133-138	articolo di monografia
B_121	Sambo, E.	2015	Un falso Rinascimento?: 1. Michele Lazzaroni (1863-1934), tra contraffazione e restauro	In «Studiolo», 11, 2014	pp. 94-107, 301-302	articolo di periodico
B_122	Sanvitale, F.	2002	La romanza italiana da salotto	Torino, EDT.		monografia
B_123	Scarpa, P.	1929	Un pittore lirico: Giuseppe Grassi	In «L'Antiquario», XVI, 2	pp. 69-71	articolo di periodico
B_124	Silvestrini, C.	2008	Mariano Rocchi antiquario : il commercio d'arte sull'asse Perugia-Roma tra Otto e Novecento	Perugia, EFFE.		monografia
B_125	Smalcerz, J. (Ed.)	2023	Wilhelm Bode and the art market : connoisseurship, networking and control of the marketplace	" Leiden	 Boston, Brill."		monografia
B_126	Teodori, B., Celani, J.	2017	1916-1956-2016 : dall'asta al museo : Elia Volpi e Palazzo Davanzati nel collezionismo pubblico e privato del Novecento	Firenze, Polistampa		monografia
B_127	Terris, J. J.	1952	Catalogue des meubles et objets d'art anciens et modernes, très important tableaux ... très nombreuses sculptures ... provenant des collections des Barons Lazzaroni et garnissant la Villa Madeleine ... Nice : vente ... sur lieu ... lundi 16 ... samedi 21 juin 1952. [S.l. s.n.]	1952		catalogo d'asta
B_128	Toffali, E.	2016-2017	Dalle sfide attributive alle perizie commerciali. Giuseppe Fiocco tra accademia, critica, tutela e mercato dell'arte, Corso di Dottorato di Ricerca in Storia delle Arti (ciclo XXXII)	Università Ca' Foscari Venezia		monografia
B_129	Tolosani, D.	1926	Vendita Banti	In «L'Antiquario. Rivista indipendente», XIII, 1	pp. 1-9	articolo di periodico
B_130	Tolosani, D.	1912	Vincenzo Ciampolini	In «Il Conoscitore», V, 8-9	pp. 43-45	articolo di periodico
B_131	Tolosani, D.	1911	I colleghi d'Italia: Napoletani	In «L'Antiquario. Rivista indipendente», 6	pp. 45-51	articolo di periodico
B_132	Tolosani, D.	1924	Luigi Grassi	In «L'Antiquario. Rivista indipendente», XI, 3	pp. 81-86	articolo di periodico
B_133	Tolosani, D.	1911	Vendita Emilio Laschi	In «L'Antiquario. Rivista indipendente», 1	pp. 9-10	articolo di periodico
B_134	Tolosani, D.	1911	Settimio Laschi	In «L'Antiquario. Rivista indipendente», 5	pp. 39-41	articolo di periodico
B_135	Tolosani, D.	1909	Strascichi elettorali	In «L'Antiquario», 12	pp. 94-95	articolo di periodico
B_136	Tolosani, D.	1923	Personali ricordi	In «L'Antiquario. Rivista indipendente», X, 1-2	pp. 2-7	articolo di periodico
B_137	Tolosani, D.	1929	Giuseppe Salvadori	In «L'Antiquario», XVI	pp. 3-9	articolo di periodico
B_138	Tolosani, D.	1908	I grandi antiquari italiani: Stefano Bardini	In «L'Antiquario. Rivista indipendente», 1	pp. 2-3	articolo di periodico
B_139	Tolosani, D.	1910	Il Palazzo Davanzati	In «L'Antiquario», II, 9-10	pp. 66-72	articolo di periodico
B_140	Tolosani, D.	1913	I colleghi d'Italia: Romani	In «L'Antiquario», VI, 1	pp. 1-4	articolo di periodico
B_141	Tolosani, D.	1913	I colleghi d'Italia: Bolognesi	In «L'Antiquario», VI, 2-3	pp. 9-12	articolo di periodico
B_142	Tolosani, D.	1923	Il Museo Bardini	In «L'Antiquario», XII, 4-5	pp. 149-159	articolo di periodico
B_143	Tolosani, D.	1924	Raoul Tolentino	In «L'Antiquario», XI, 6-7	p. 187	articolo di periodico
B_144	Tolosani, D.	1926	Galleria Bellini	In «L'Antiquario», XIII,2	pp. 53-54	articolo di periodico
B_145	Tolosani, D.	1928	La donazione Contini	In «L'Antiquario», XV, 3	pp. 123-125	articolo di periodico
B_146	Tolosani, D.	1928	Giuseppe Sangiorgi	In «L'Antiquario», XV, 2	pp. 68-69	articolo di periodico
B_147	Towner, W.	1970	The elegant auctioneers	New York, Hill & Wang		monografia
B_148	Turco, V.	1924	Barsanti e i suoi bronzi	In «L'Antiquario», XI, 2	pp. 37-44	articolo di periodico
B_149	Watrelot, M.	2020	Wilhelm von Bode and Prince Johann II von Liechtenstein: the Private Correspondence 1882-1925	In Catterson	pp. 11-46	articolo di monografia
B_150	Zaninelli, F.	2020	The intersting Case of Alessandro Contini Bonacossi (1878-1955) and Wilhelm von Bode (1845-1929)	In Catterson	pp. 249-305	articolo di monografia
B_151	Zaninelli, F.	2018	Alessandro Contini Bonacossi ( 1878-1955). Cenni biografici, in La collezione Contini Bonacossi nelle Gallerie degli Uffizi. A cura di Draghi, S., Tosone, A.	Firenze, Giunti	pp. 301-317	articolo di monografia
B_152	Zaninelli, F.	2018	Alessandro Contini Bonacossi, Antiquario (1875-1955): the art market and cultural philantropy in the formation of american museum	The University of Edinburgh		monografia
B_153	Zaninelli, F.	2023	Some Remarks on Wilhelm BOde and the Art Market in Italy, 1880-1909: The Cases of Pietro Foresti (1854-1926) and A. Chiesa	In Smalcerz	pp. 151-205	articolo di monografia
B_154	Zanni, A.	2000	Dedicato a Giuseppe Baslini (1817 - 1887), in Arte lombarda del secondo millenio: saggi in onore di Gian Alberto Dell'Acqua	Milano	pp. 270-275	articolo di monografia
B_155	Zavatta, G.	2008	Leo e Vittorio Veneziani. Antiquari, connaisseurs, 'collezionisti'	In Imbelloni	pp. 54-64	articolo di monografia
B_156	Zeri, F.	1995	Confesso che ho sbagliato: Ricordi autobiografici	Milano, Longanesi		monografia
B_157			Attilio Simonetti (1843-1925) : pittore alla moda e antiquario a Roma, catalogo della mostra (Galleria Berardi, Roma, 24 gennaio - 23 febbraio 2019) a cura di Sacchi Ladispoto, T., Spinazzé, S.	Roma, Berardi Galleria d'Arte, 2019		monografia
B_158			Al Palazzo Davanzati	In «L'Antiquario», III, 1-2, 1910	pp. 1-2	articolo di periodico
B_159			An important collection of rare and valuable antiquities, gothic and renaissance furniture, important italian renaissance bronzes, stone and marble sculptures, primitive paintings and early wood carvings, rare greek and graecoroman sculptures and pottery, gathered from famous european collections by the late Ercole Canessa, expert antiquarian and expert at hotel Druout, Paris, catalogo della vendita American Art Association (New York, 29 marzo 1930)	New York 1930		catalogo d'asta
B_160			Arredi e dipinti Ca’ Sagredo venezia, catalogo della vendita all'asta Finarte (Venezia, 28-29 novembre 1987)	Venezia 1987		catalogo d'asta
B_161			Borrowed to Buy  Art Tresures Then Mortgaged Them To Buy More	In «The New York Herald», 1 novembre 1925	p. 7	articolo di periodico
B_162			Catalogo degli oggetti già appartenenti all’Antiquario Pallotti,  arte e ammobiliamento antico, quadri, sculture, mobili, arazzi, stoffe, trine, porcellane, maioliche, bronzi, argenteria, cornici, tappeti, ecc, ecc, catalogo della vendita all'asta, (Firenze, 23 novembre-1 dicembre 1936)	Firenze 1936		catalogo d'asta
B_163			Catalogo dei mobili ed oggetti d'arte antichi componenti la collezione appartenuta al compianto comm. Gustavo Corvisieri dei mobili antichi e moderni che arredavano due appartamenti e di altri numerosi oggetti d'arte, catalogo della vendita all'asta Galleria L'Antonina (Roma, 25 marzo-9 aprile 1936), Roma, Quintiily	Roma 1936		catalogo d'asta
B_164			Catalogo dei pregevoli oggetti d’arte antichi e moderni di pertinenza del defunto sig. Antonio Jandolo e di un distinto collezionista, catalogo della vendita all'asta Jandolo & Tavazzi	Roma 1912		catalogo d'asta
B_165			Catalogo della collezione d'arte antica di proprietà Edoardo Villa & C., catalogo della vendita all'asta Vitelli (Genova, 15-22 dicembre 1923)	Genova 1932		catalogo d'asta
B_166			Catalogo della collezione Baslini de Milano da vendersi per conto degli eredi. Quadri, avori, medaglie, placchette, armi, bronzi, ferri, maioliche, porcellano, oggetti d’arte, marmi, terre cotte, arazzi, stoffe, merletti, mobili diversi, catalogo della vendita all'asta Impresa di Vendite in Italia Giulio Sambon (Milano, 26 Novembre 1888 e giorni successivi)	Milano 1888		catalogo d'asta
B_167			Catalogo della collezione De Clemente, oggetti di sola arte antica, quadri, sculture, bronzi, mobili, maioliche italiane, ecc., ecc, catalogo della vendita all'asta Ciardiello (Firenze, 29 aprile-3 maggio 1935)	Firenze 1935		catalogo d'asta
B_168			Catalogo della raccolta di arte antica appartenente al noto Antiquario Enrico Testa che viene venduta all’Asta Pubblica per definitivo ritiro dal commercio, catalogo della vendita all'asta Ciardiello (Firenze, 23 maggio-1 giugno 1932)	Firenze 1932		catalogo d'asta
B_169			Catalogo della vendita di Arte Antica di proprietà del sig. L. M. Banti: mobili originali dal XV al XVII scolo. Quadri fondi oro, sculture classiche, terrecotte, stucchi, bronzi, maioliche, tre arazzi, stoffe, catalogo della vendita all'asta Galardelli (Firenze 14-16 aprile 1926)	Firenze 1926		catalogo d'asta
B_170			Catalogo delle raccolte d'arte ed arredamento antico dell'antiquario Pasquale Addeo, catalogo della vendita all'asta Guglielmi (Roma, 22-24 febbraio 1938)	Roma 1938		catalogo d'asta
B_171			Catalogo di quanto viene venduto dal Palazzo Internazionale delle Aste ed Esposizioni : Firenze, per ordine di Eredi Giugni, comprendente: mobili, quadri, sculture, arazzi, tappeti, maioliche, porcellane ed oggetti dal XIV al XIX secolo, catalogo della vendita all'asta Palazzo Internazionale, Firenze, 17-19 ottobre 1970)	Bologna 1970		catalogo d'asta
B_172			Catalogue de la riche collection d'armes du Moyen Age et de la Renaissance et de rares objets d'art anciens et modernes appartenant a la liquidation du patrimoine de le baron M. A. Lazzaroni, dont la vente aux encheres publiques aura lieu a Rome sous la direction de M. Dominique Corvisieri Rome Impr. Edit. Romana, 1894	Roma 1894		catalogo d'asta
B_173			Catalogue de la riche collection d'armes du Moyen Age et de la Renaissance et de rares objets d'art anciens et modernes appartenant a la liquidation du patrimoine de le baron M. A. Lazzaroni, dont la vente aux encheres publiques aura lieu a Rome sous la direction de M. Dominique Corvisieri Rome Impr. Edit. Romana	Roma 1894		catalogo d'asta
B_174			Catalogue de la vente après décès de mr Joachim Ferroni?: se composant de tableaux des maîtres italiens et étrangers, catalogo della vendita all'asta  Jandolo & Tavazzi (Roma, 14-22 aprile 1909)	Roma 1909		catalogo d'asta
B_175			Catalogue de la vente des objets d’art ancien composant les collections Elie Volpi, catalogo della vendita all'asta Jandolo & Tavazzi (Roma 25 aprile-3 maggio 1910)	Roma 1910		catalogo d'asta
B_176			Catalogue of the Rare and Valuable Collection Formed by the Widely Known and Eminent Expert and Connoisseur Chev. Raoul Tolentino: Removed from His Galleries at No. 57, Via Sistina, Rome, catalogo della vendita all'asta Clarke  (New York, 42 and 44 East 58th Street,  18-25 novembre 1922), a cura di Freund, K., Clarke, A. W.	New York, 1922		catalogo d'asta
B_177			Coming italian art sale	In «American Art News», 12 luglio 1919, 17, n. 36	p. 5	articolo di periodico
B_178			Coming italian art sale	In «American Art News», 17 aprile 1920	p. 9	articolo di periodico
B_179			Commemorazione di Arturo Rambaldi	In «L'Antiquario», XVI, 3, 1929	p. 177	articolo di periodico
B_180			Commemorazione di Cesare Lampronti	In «L'Antiquario», XVIII-XXV, 1, 1932	pp. 45-46	articolo di periodico
B_181			Commemorazione di Edoardo Villa	In «L'Antiquario», XII, 1, 1925	p. 45	articolo di periodico
B_182			Commemorazione di Vincenzo Ciampolini	In «L'Antiquario», XVIII-XXV, 1, 1932	p. 46	articolo di periodico
B_183			De luxe catalogue of the rare artistic properties collected by Signor Raoul Tolentino, catalogo della vendita all'asta America Art Association (New York, 21-27 aprile 1920)	New York 1920		catalogo d'asta
B_183_b			De luxe illustrated catalogue of the extensive and very valuable artistic antique property belonging to ... Luigi Orselli.To be sold at unrestricted public sale at the American Art Galleries.Catalogue written by Horace Townsend			catalogo d'asta
B_184			Deluxe illustrated catalogue of the furniture and works of art from the castle formerly occupied by the savoy family in verzuolo (piedmont) italy?: and other valuable artistic property recently selected abroad by the connoisseur chevalier raoul tolentino, catalogo della vendita all'asta America Art Association (New York,  16-18 febbraio 1922)	New York, 1922		catalogo d'asta
B_185			Galleria Pesaro: storia di un mercante creatore di collezioni, catalogo della mostra (Milano, Galleria Maspes, 21 settembre-14 ottobre 2017) a cura di Staudacher, E., Madesani, A., Crocetta del Montello	Milano, Antiga Edizioni, 2017		monografia
B_186			Gr. Uff. Prof. Luigi Grassi	In «L'Antiquario», XIV, 2, 1927	p. 77	articolo di periodico
B_187			I grandi antiquari italiani: Stefano Bardini	In «L'Antiquario. Rivista mensile in difesa degli interessi della classe», I, 1	pp. 2-3	articolo di periodico
B_188			Illustrated catalogue of gothic and renaissance italian and frech art gathered by chevalier Raoul Tolentino, expert antiquarian of Rome, catalogo della vendita all'asta American Art Galleries (New York, 22-26 aprile 1924)	New York 1924		catalogo d'asta
B_189			Illustrated catalogue of the rare and valuable Italian Renaissance furniture, bronzes, ceramics, marbles, painings and textiles, greek and romann antiquities and othes rare objects comprising the Tolentino Galleries Collection, catalogo della vendita all'asta Amrican Art Association (New York, 1-2 maggio 1919)	New York 1919		catalogo d'asta
B_190			Italian art: the collection of Professor Luigi Grassi, furniture, textiles, sculpture and jewelry, catalogo della vendita all'asta American Art Association (New York, 20-22 gennaio 1927)	New York 1927		catalogo d'asta
B_191			Italian Count marries American society woman	In «The New York Herald», 20 settembre 1922	p. 1	articolo di periodico
B_192			Italian furniture of the Renaissance, rare Majolica, brocades, velvets, Renaissance bronzes, sculptures, stone and terra cotta groups, Primitive and Renaissance paintings, the collection of Achille De Clemente, Florence, Italy, sold by his order, catalogo della vendita all'asta American Art Association (New York, 15-17 gennaio 1931)	New York, 1931		catalogo d'asta
B_193			La collezione Gallino: dipinti antichi e del XIX secolo, catalogo della vendita all'asta Wannenes (Genova, 1 giugno 2016)	Genova 2016		catalogo d'asta
B_194			La statua del Prof. Costantini	In «L'Antiquario. Rivista indipendente», 3-4, 1911	pp. 28-29	articolo di periodico
B_195			Le stanze dei tesori : collezionisti e antiquari a Firenze tra Ottocento e Novecento, catalogo della mostra (Firenze, Palazzo Medici Riccardi, 3 ottobre 2011 - 15 aprile 2012), a cura di Mannini, L.	Firenze, Polistampa, 2011		monografia
B_196			Nuovi antiquari a Firenze	In «L'Antiquario», X, 4-5, 1923	p. 57	articolo di periodico
B_197			Pietro Bruschi di Arezzo	In «L'Antiquario», XIV, 2, 1927	p. 83	articolo di periodico
B_198			Property from the estate of Giancarlo Baroni, catalogo della vendita all'asta Sotheby’s (New York, 29-30 gennaio 2013)	New York 2013		catalogo d'asta
B_199			Raimondo Orselli	In «L'Antiquario», XVII, 1, 1930	p. 10	articolo di periodico
B_200			Rare artistic properties collected by the expert and connoisseur chevalier Raoul Tolentino of Rome, catalogo della vendita all'asta Curtis Studio (San Francisco, 21-24 marzo 1923)	San Francisco 1923		catalogo d'asta
B_201			Rare italian art in Tolentino sale	In «American Art News», 11 novembre 1922, 21, 5	p. 4	articolo di periodico
B_202			Rinascimento Privato. Da Spanzotti a Defendente Ferrari nelle Collezioni Piemontesi, catalogo della mostra (Museo di Arti Decorative Accorsi-Ometto, Torino, 21 ottobre 2022 - 29 gennaio 2023) a cura di D'Italia, S., Mana, L., Natale, V., Galateri di Genola, M.	Genova, Sagep, 2022		monografia
B_203			Roman antiquarian killed by autobus	In «The Paris Time», 5 p.m. Ed., 2 agosto 1928	p. 1	articolo di periodico
B_204			Salvatore e Francesco Romano antiquari a Firenze, un secolo di attività a Palazzo Magnani Feroni, catalogo della vendita all'asta Sotheby's, (Firenze, 12-15 ottobre 2009)	Firenze 2009		catalogo d'asta
B_205			The Achillito Chiesa collection, part IV, Italian, dutch and flemish XV-XVII century paintings, Portraits and Genre Subjects by english, french and german masters, catalogo della vendita all'asta American Art Association (New York, 22-23 novembre 1927)	New York 1927		catalogo d'asta
B_206			The collection of Achillito Chiesa Esq. of Milan, part I,  flemish and dutch paintings of the XV - XVI - XVII centuries, italian primitives and renaissance examples, a small group of canvases by english, french and spanish artists of the XVI-XIX century, catalogo della vendita all'asta American Art Association (New York, 27 novembre 1925) a cura di De Groot, H., Hoogerwerff, G. J., De Nicola, G.	New York 1925		catalogo d'asta
B_207			The collection of Achillito Chiesa. part II, italian primitives and renaissance paintings, a small group of canvases by flemish and french masters, catalogo della vendita all'asta American Art Association (New York, 16 aprile 1926)	New York 1926		catalogo d'asta
B_208			The collection of Professor Paolo Paolini,  distinguished paintings & sculptures by celebrated italian masters X-XVI Century, catalogo della vendita all'asta American Art Association (New York, 10-11 febbraio 1924)	New York 1924		catalogo d'asta
B_209			The collection of Raoul Tolentino : paintings, with fine primitive and Renaissance examples ..., bronzes from the Roman excavations, terracotta and stucco groups and bas-reliefs, Gothic and Renaissance furniture, catalogo della vendita all'asta American Art Association, (New York, 8-11 dicembre)	New York, 1926		catalogo d'asta
B_210			The collection of Sr. Achillito Chiesa of Milan, part III, XV-XVI century majolicas gothic ivories, early french and italian enamels renaissance velvets brocades and laces, italian XV-XVI century furniture, catalogo della vendita all'asta American Art Association (New York, 16-17 aprile 1926)	New York 1926		catalogo d'asta
B_211			The man of the day	«The Paris Time», 5 P.M. Edition, 8 marzo 1927, Parigi		articolo di periodico
B_212			The Tolentino collection, important italian works of art, Gothic and renaissance marbles, scultures, bronzes and stuccos, rare forges iron of the XV and XVI centuries, superb velvets, embroideries, needlepoint and tapestries, an extensive and imposing group of itlaian furniture of the XV and XVI centuries, catalogo della vendita all'asta American art Association (New York, 29 31 gennaio 1925)	New York 1925		catalogo d'asta
B_213			Un secolo tra collezionismo e mercato antiquario a Firenze, catalogo della vendita all'asta Pandolfini (Firenze, 19 ottobre 2016)	Firenze 2016		catalogo d'asta
B_214			Vendita all’asta dell’importante raccolta di dipinti antichi, mobili, oggetti d’arte e di arredamento, argenterie e preziosi appartenenti alla Successione di Miss Rita Miriam Bellesi, catalogo della vendita all'asta Pandolfini (Firenze, 14-17 ottobre 1968)	Firenze 1968		catalogo d'asta
B_215			Vendita Volpi	In «L'Antiquario», II, 9-10, 1910	pp. 57-61	articolo di periodico
B_216		15/02/2023	Intervista a Riccardo Bacarelli	Firenze		intervista
B_217		15/02/2023	Intervista a Mattia e Maria Novella Romano	Firenze		intervista
B_218		23/02/2023	Intervista ad Anita Anita Almehagen	Firenze		intervista
B_219		24/02/2023	Intervista a Luigi Grassi	Firenze		intervista
B_220		23/03/2023	Intervista a Luca Mana	Torino		intervista
B_221		23/03/2023	Intervista a Roberto Grasselli	Torino		intervista
B_222		06/04/2023	Intervista eredi Bellini, Firenze	Firenze		intervista
B_223		21/05/2023	Intervista Tullio Calabi, Torino	Torino		intervista
B_224		26/05/2023	Intervista a Roberto Freschi	Pistoia		intervista
B_225		29/05/2023	Intervista a Roberto Siciliani			intervista
B_226		06/06/2023	Intervista Emanuela Sestieri	Roma		intervista
B_227		09/06/2023	Intervista a Marco Fabio Apolloni	Roma		intervista
B_228		09/06/2023	Intervista a Alessandra Di Castro e Alberto Di Castro	Roma		intervista
B_229		23/10/2023	Intervista a Davide Sestieri	Roma		intervista
B_230		23/11/2023	Intervista a Damiano Lapiccirella	Roma		intervista
B_231		18/10/2023	Intervista a Paolo Viancini			intervista
